{
  "project_info": {
    "project_number": "747206084719",
    "firebase_url": "https://tweleve-af6e5-default-rtdb.firebaseio.com",
    "project_id": "tweleve-af6e5",
    "storage_bucket": "tweleve-af6e5.appspot.com"
  },
  "client": [
    {
      "client_info": {
        "mobilesdk_app_id": "1:747206084719:android:ecec8ff62f4365f544a59a",
        "android_client_info": {
          "package_name": "com.example.bindingexample"
        }
      },
      "oauth_client": [
        {
          "client_id": "747206084719-jdfvdf5a6ne55dh1b7dp5omm0dt8f56v.apps.googleusercontent.com",
          "client_type": 1,
          "android_info": {
            "package_name": "com.example.bindingexample",
            "certificate_hash": "531ffe5834d150f419c3437738c714983e2e5b71"
          }
        },
        {
          "client_id": "747206084719-bbt5s4mabecurq1mm4arg20kqufn8vd3.apps.googleusercontent.com",
          "client_type": 3
        }
      ],
      "api_key": [
        {
          "current_key": "AIzaSyBkr9hD8v74OulsTL1w_ljZKTMqqFqpbmU"
        }
      ],
      "services": {
        "appinvite_service": {
          "other_platform_oauth_client": [
            {
              "client_id": "747206084719-bbt5s4mabecurq1mm4arg20kqufn8vd3.apps.googleusercontent.com",
              "client_type": 3
            }
          ]
        }
      }
    },
    {
      "client_info": {
        "mobilesdk_app_id": "1:747206084719:android:e098c0ca61b7d0f544a59a",
        "android_client_info": {
          "package_name": "com.example.firebaseconcetpiexample"
        }
      },
      "oauth_client": [
        {
          "client_id": "747206084719-df3lrue7pe3fovrccu4hsbq6edgh2v78.apps.googleusercontent.com",
          "client_type": 1,
          "android_info": {
            "package_name": "com.example.firebaseconcetpiexample",
            "certificate_hash": "531ffe5834d150f419c3437738c714983e2e5b71"
          }
        },
        {
          "client_id": "747206084719-bbt5s4mabecurq1mm4arg20kqufn8vd3.apps.googleusercontent.com",
          "client_type": 3
        }
      ],
      "api_key": [
        {
          "current_key": "AIzaSyBkr9hD8v74OulsTL1w_ljZKTMqqFqpbmU"
        }
      ],
      "services": {
        "appinvite_service": {
          "other_platform_oauth_client": [
            {
              "client_id": "747206084719-bbt5s4mabecurq1mm4arg20kqufn8vd3.apps.googleusercontent.com",
              "client_type": 3
            }
          ]
        }
      }
    }
  ],
  "configuration_version": "1"
}